accuracy,f1,auroc,ece,brier,agreement_acc,disagreement_acc,strong_disagreement_acc,agreement_ece,disagreement_ece,calibration_gap,high_conf_error_rate,n_high_conf,conf_correct,conf_incorrect,n_agreement,n_disagreement,n_strong_disagreement,n_test,accuracy_ci_lo,accuracy_ci_hi,f1_ci_lo,f1_ci_hi,auroc_ci_lo,auroc_ci_hi,category,seed,split_id,model,features,includes_product_avg_rating,disagreement_labels_in_training,modality_dominance_text_pct,n_true_conflict
0.8727090969676774,0.8721552878179384,0.943477903619809,0.027713471984754594,0.09337323805183823,0.905051272312951,0.6413043478260869,0.596551724137931,0.048116483725113214,0.16813319766065754,0.12001671393554433,0.027080581241743725,1514,0.8721277362654808,0.6986605702591783,2633,368,290,3001,0.8603798733755414,0.8833722092635788,0.8596898004766043,0.8834873858687038,0.9355227269759823,0.9503598280048202,All_Beauty,42,All_Beauty_s42_70-15-15,text_only,sbert_text,False,False,,
0.6871042985671443,0.6889698575687314,0.7551374639129469,0.028170321766077297,0.20075879991054535,0.6950246866691986,0.6304347826086957,0.6379310344827587,0.02763296696302603,0.1293163037069304,0.10168333674390437,0.07808564231738035,397,0.7302830815315247,0.6494068503379822,2633,368,290,3001,0.6704431856047984,0.7037654115294901,0.6695824887564469,0.7088995046151555,0.7382029776601511,0.7724747096940885,All_Beauty,42,All_Beauty_s42_70-15-15,metadata_full,metadata_full(8),True,False,,
0.5658113962012662,0.543927196359818,0.5998689762380636,0.049741277006299295,0.245254248380661,0.5750094948727688,0.5,0.47586206896551725,0.045604641986830445,0.13633523903706146,0.09073059705023101,0.17857142857142858,28,0.6259700059890747,0.6019774079322815,2633,368,290,3001,0.5484838387204265,0.5838053982005998,0.5221977670208546,0.5662403515295545,0.5801964061159923,0.6207911917026413,All_Beauty,42,All_Beauty_s42_70-15-15,metadata_lc,metadata_lc(6),False,False,,
0.8780406531156282,0.8786472148541115,0.9526546746613368,0.06239974150426068,0.0932571217417717,0.9084694265096848,0.6603260869565217,0.6344827586206897,0.040771663481100104,0.23003701633854728,0.18926535285744717,0.0638990638990639,2457,0.957556962966919,0.8172105550765991,2633,368,290,3001,0.8653782072642453,0.8890369876707764,0.8654403087238316,0.8905620789766613,0.9457578952431211,0.9592528529670185,All_Beauty,42,All_Beauty_s42_70-15-15,early_fusion_full,sbert+metadata_full,True,False,90.18867924528301,1325.0
0.8763745418193936,0.87571189279732,0.9474981123695314,0.026186276116755662,0.08998909592628479,0.9080896315989365,0.6494565217391305,0.6172413793103448,0.019671067512713348,0.1895788878749084,0.16990782036219504,0.04296875,2048,0.9181596040725708,0.7536320686340332,2633,368,290,3001,0.8643785404865045,0.887379206931023,0.8632486178537456,0.8870387219180585,0.9402308715117031,0.954453084352102,All_Beauty,42,All_Beauty_s42_70-15-15,early_fusion_lc,sbert+metadata_lc,False,False,92.75471698113208,1325.0
0.8777074308563813,0.8763060330299967,0.948923384410393,0.027951559583789608,0.08933994919061661,0.9134067603494114,0.6222826086956522,0.5689655172413793,0.012474950271394381,0.21935568386486368,0.20688073359346928,0.04042348411934552,2078,0.9242317080497742,0.758163571357727,2633,368,290,3001,0.8653782072642453,0.8890369876707764,0.863294147194011,0.8882995902808003,0.9414898299637984,0.9556565626699897,All_Beauty,42,All_Beauty_s42_70-15-15,late_fusion_lc,sbert+metadata_lc,False,False,92.60377358490567,1325.0
0.8773742085971343,0.8787878787878788,0.9496246946480122,0.02490888330533042,0.08915885537862778,0.9111279908849221,0.6358695652173914,0.5896551724137931,0.034636003675170585,0.18840527919161576,0.15376927551644518,0.03481822836661547,1953,0.9143332242965698,0.7447932958602905,2633,368,290,3001,0.8650449850049984,0.8890453182272576,0.8659830622412998,0.8908982438757064,0.9420704392401587,0.9564389701533984,All_Beauty,42,All_Beauty_s42_70-15-15,gated_fusion_lc,sbert+metadata_lc,False,False,93.43396226415095,1325.0
0.8617127624125291,0.8624461385482267,0.9356744392627138,0.0721389711578462,0.10782921314239502,0.8894796809722749,0.6630434782608695,0.6344827586206897,0.052665381675725445,0.24173979193944,0.18907441026371458,0.07715008431703205,2372,0.950965404510498,0.8272111415863037,2633,368,290,3001,0.8493835388203932,0.8733755414861712,0.8497759227239532,0.874499845290947,0.9272629256030479,0.9435240806889476,All_Beauty,42,All_Beauty_s42_70-15-15,disagree_aware_lc,sbert+metadata_lc,False,True,88.37735849056604,1325.0
0.8693768743752083,0.8697674418604651,0.9422735953808572,0.028533832608187572,0.09439809257153108,0.9003021148036254,0.6373937677053825,0.5968992248062015,0.054228656217717934,0.1823890585099128,0.12816040229219486,0.02798134576948701,1501,0.8708211462272913,0.6910022919508673,2648,353,258,3001,0.8577140953015662,0.8817227590803065,0.8575312926802364,0.8826474779139356,0.934392740128075,0.950287393161348,All_Beauty,123,All_Beauty_s123_70-15-15,text_only,sbert_text,False,False,,
0.6797734088637121,0.6808369312520757,0.7485147679324895,0.03258889894193904,0.20351675152778625,0.6850453172205438,0.6402266288951841,0.624031007751938,0.03925402776346602,0.1254382565427603,0.08618422877929428,0.06084656084656084,378,0.7347760200500488,0.6549781560897827,2648,353,258,3001,0.6631122959013662,0.6974341886037987,0.6605437476935503,0.6991660900966852,0.7315220797992217,0.7663775537924861,All_Beauty,123,All_Beauty_s123_70-15-15,metadata_full,metadata_full(8),True,False,,
0.5768077307564146,0.5502832861189801,0.6090348656451254,0.041692332679611255,0.2428252249956131,0.5891238670694864,0.48441926345609065,0.4806201550387597,0.03783912275245361,0.17912514064534865,0.14128601789289505,0.21212121212121213,33,0.6287136077880859,0.6043476462364197,2648,353,258,3001,0.5588053982005998,0.5948017327557481,0.5262383549705494,0.5706291981497126,0.5890282620865275,0.6288962355636356,All_Beauty,123,All_Beauty_s123_70-15-15,metadata_lc,metadata_lc(6),False,False,,
0.8880373208930357,0.8857142857142857,0.9560304241616701,0.03735765799388456,0.08377160876989365,0.9142749244712991,0.6912181303116147,0.6666666666666666,0.02102074426742344,0.22107295843933528,0.20005221417191182,0.046072838964458095,2279,0.9418947100639343,0.7897356152534485,2648,353,258,3001,0.8757080973008997,0.8990336554481839,0.8730490734385724,0.8973960311856004,0.9490010051060945,0.9628032503839862,All_Beauty,123,All_Beauty_s123_70-15-15,early_fusion_full,sbert+metadata_full,True,False,90.12539184952978,1276.0
0.8740419860046651,0.871864406779661,0.9422727070841661,0.07046988859005528,0.09945720434188843,0.9033232628398792,0.6543909348441926,0.6124031007751938,0.04616805666275434,0.26112985314416143,0.2149617964814071,0.07422347720855184,2479,0.9594469666481018,0.836125910282135,2648,353,258,3001,0.8617127624125291,0.8857047650783072,0.8587211852309659,0.8844298435482963,0.9344077103478295,0.9507001520473516,All_Beauty,123,All_Beauty_s123_70-15-15,early_fusion_lc,sbert+metadata_lc,False,False,88.32288401253919,1276.0
0.8800399866711096,0.88,0.9504361536753275,0.015900021873883737,0.08635200560092926,0.908987915407855,0.6628895184135978,0.624031007751938,0.03511041085154179,0.1842685473328272,0.1491581364812854,0.032157676348547715,1928,0.907292366027832,0.7266831398010254,2648,353,258,3001,0.8690436521159614,0.8923692102632456,0.8679357423360409,0.8923200839118497,0.9429100628659273,0.9578285683379449,All_Beauty,123,All_Beauty_s123_70-15-15,late_fusion_lc,sbert+metadata_lc,False,False,94.5141065830721,1276.0
0.8817060979673442,0.879045996592845,0.9516433488785253,0.015430397605129336,0.08511187136173248,0.9104984894259819,0.6657223796033994,0.6356589147286822,0.013973587046284503,0.21082825502829242,0.1968546679820079,0.033182503770739065,1989,0.9159905314445496,0.7367076873779297,2648,353,258,3001,0.8700349883372209,0.8937020993002333,0.8663708740808475,0.8913776083485856,0.9443618453814566,0.9587176260388731,All_Beauty,123,All_Beauty_s123_70-15-15,gated_fusion_lc,sbert+metadata_lc,False,False,91.4576802507837,1276.0
0.8677107630789737,0.8669125041904123,0.9382629358205642,0.06143687152288548,0.10247229039669037,0.8942598187311178,0.6685552407932012,0.6434108527131783,0.04667066281318126,0.24347786411706349,0.19680720130388224,0.07011543394613083,2339,0.94599449634552,0.8147636651992798,2648,353,258,3001,0.8553815394868377,0.8807064311896035,0.8538699333975263,0.8802707542439653,0.9300086713723429,0.9470596829695452,All_Beauty,123,All_Beauty_s123_70-15-15,disagree_aware_lc,sbert+metadata_lc,False,True,89.0282131661442,1276.0
0.8780406531156282,0.8771812080536913,0.9452673773040196,0.030555928324022423,0.09165436339242702,0.9101165851823994,0.6286549707602339,0.6037037037037037,0.05512065080981274,0.20324238176385062,0.14812173095403788,0.02953020134228188,1490,0.8703292643313493,0.6982014593336664,2659,342,270,3001,0.8673692102632455,0.8890369876707764,0.865677950365343,0.889479044222962,0.9379916684677692,0.9523301067655644,All_Beauty,456,All_Beauty_s456_70-15-15,text_only,sbert_text,False,False,,
0.688437187604132,0.688437187604132,0.7631139240506329,0.01770056863102822,0.19701094925403595,0.6949981195938323,0.6374269005847953,0.6259259259259259,0.027252449856839164,0.14199601607233805,0.11474356621549889,0.046753246753246755,385,0.7318804264068604,0.6444747447967529,2659,342,270,3001,0.6711096301232923,0.7037654115294901,0.6675901094703434,0.7063031679629242,0.7463729433911306,0.778717572144285,All_Beauty,456,All_Beauty_s456_70-15-15,metadata_full,metadata_full(8),True,False,,
0.5828057314228591,0.5541310541310541,0.6109591383522097,0.03525184582011457,0.2417563647031784,0.5911996991350131,0.5175438596491229,0.5074074074074074,0.04163057222015295,0.18358342590257093,0.14195285368241797,0.13793103448275862,29,0.6265745759010315,0.6030272245407104,2659,342,270,3001,0.565803065644785,0.6007997334221926,0.530346002736059,0.576226710016256,0.5914822375980708,0.6309350173915123,All_Beauty,456,All_Beauty_s456_70-15-15,metadata_lc,metadata_lc(6),False,False,,
0.8923692102632456,0.8901734104046243,0.9558680879413723,0.02085141365139217,0.08147899061441422,0.9277924031590824,0.6169590643274854,0.5962962962962963,0.017318367996596667,0.2501030093745181,0.23278464137792146,0.03757632691404415,2129,0.924392819404602,0.765347421169281,2659,342,270,3001,0.8810396534488504,0.903032322559147,0.8779115261161365,0.9012253737170182,0.9489739886341487,0.9620214955438391,All_Beauty,456,All_Beauty_s456_70-15-15,early_fusion_full,sbert+metadata_full,True,False,89.93660855784469,1262.0
0.882705764745085,0.8815612382234186,0.9483833000222075,0.04577177334471328,0.08978454768657684,0.9183903723204212,0.6052631578947368,0.5740740740740741,0.0267910612197176,0.2624237970149482,0.2356327357952306,0.05485961123110151,2315,0.9438822865486145,0.8023725152015686,2659,342,270,3001,0.8720426524491836,0.8940353215594802,0.8692922720555991,0.8932188432604434,0.9411902700790954,0.9554854011600613,All_Beauty,456,All_Beauty_s456_70-15-15,early_fusion_lc,sbert+metadata_lc,False,False,90.64976228209191,1262.0
0.8840386537820727,0.8810663021189337,0.9519578059071732,0.027005150587096554,0.08479028940200806,0.9206468597216999,0.5994152046783626,0.5666666666666667,0.015491046400228683,0.25293090190106665,0.23743985550083796,0.042450554751567775,2073,0.9233582615852356,0.7538425922393799,2659,342,270,3001,0.8723758747084305,0.8950433188937021,0.8690835918905134,0.8924984539227087,0.9450158152490242,0.9586812136396806,All_Beauty,456,All_Beauty_s456_70-15-15,late_fusion_lc,sbert+metadata_lc,False,False,92.63074484944532,1262.0
0.8873708763745418,0.8848773841961853,0.949282700421941,0.01757039425175255,0.08618459105491638,0.9221511846558856,0.6169590643274854,0.5925925925925926,0.022980464515200937,0.24668004786410522,0.22369958334890427,0.03779366700715015,1958,0.9093340635299683,0.7518380284309387,2659,342,270,3001,0.8757080973008997,0.898700433188937,0.8728208048391981,0.8963894665802045,0.9421934905470256,0.9560573276557218,All_Beauty,456,All_Beauty_s456_70-15-15,gated_fusion_lc,sbert+metadata_lc,False,False,94.5324881141046,1262.0
0.8650449850049984,0.8648648648648649,0.9326435709526982,0.06684868877225421,0.10626678168773651,0.8928168484392629,0.6491228070175439,0.6333333333333333,0.045414192091369585,0.26948804403954774,0.22407385194817814,0.07741116751269035,2364,0.9463966488838196,0.8220967650413513,2659,342,270,3001,0.8527157614128624,0.8770493168943686,0.8516985934086873,0.8776120868172227,0.9239249879722692,0.9409089099652667,All_Beauty,456,All_Beauty_s456_70-15-15,disagree_aware_lc,sbert+metadata_lc,False,True,89.54041204437401,1262.0
0.8807064311896035,0.8803475935828877,0.9472538307794802,0.03676172677198751,0.09063508547294938,0.9052275291462956,0.6900584795321637,0.6679841897233202,0.0523948359188993,0.12451822450467867,0.07212338858577938,0.024238227146814405,1444,0.8647766130195736,0.6901493568338892,2659,342,253,3001,0.869701766077974,0.8917027657447517,0.8684657653918735,0.8921107935586954,0.9400412269542033,0.9545424272363661,All_Beauty,789,All_Beauty_s789_70-15-15,text_only,sbert_text,False,False,,
0.6907697434188603,0.6908727514990006,0.7668931823228959,0.020961239514391404,0.19602809846401215,0.6987589319292967,0.6286549707602339,0.616600790513834,0.019346656914535618,0.11434331453508799,0.09499665762055237,0.06490384615384616,416,0.7393397688865662,0.6495503783226013,2659,342,253,3001,0.6747667444185271,0.7077640786404532,0.6726252631893391,0.710406630995643,0.750851478065136,0.7832705448668258,All_Beauty,789,All_Beauty_s789_70-15-15,metadata_full,metadata_full(8),True,False,,
0.5838053982005998,0.5578761061946903,0.6202818121252498,0.036242338519956764,0.24014201760292053,0.5893192929672809,0.5409356725146199,0.4980237154150198,0.031039467996988764,0.11359605310778866,0.08255658511079988,0.2571428571428571,35,0.6313124299049377,0.6042465567588806,2659,342,253,3001,0.5661446184605131,0.6011412862379207,0.5364070013007275,0.5783806810956534,0.6002467734955831,0.6395649167528364,All_Beauty,789,All_Beauty_s789_70-15-15,metadata_lc,metadata_lc(6),False,False,,
0.8957014328557148,0.8961168270826418,0.9570846102598267,0.022856759865138583,0.07900438457727432,0.9187664535539677,0.716374269005848,0.6996047430830039,0.02034563941642189,0.1476146499272327,0.1272690105108108,0.03748828491096532,2134,0.9259999394416809,0.7651529908180237,2659,342,253,3001,0.8853715428190603,0.9073642119293569,0.8849246469953389,0.9078582914854562,0.9502838003901266,0.9638675881231294,All_Beauty,789,All_Beauty_s789_70-15-15,early_fusion_full,sbert+metadata_full,True,False,91.52542372881356,1239.0
0.8850383205598134,0.8854961832061069,0.9504552520541861,0.026911637368737685,0.08750789612531662,0.9104926664159458,0.6871345029239766,0.6719367588932806,0.017140587418430848,0.16520290157338333,0.14806231415495247,0.04376784015223597,2102,0.9243084788322449,0.7732608318328857,2659,342,253,3001,0.8740419860046651,0.8953682105964679,0.8737496138247455,0.8965076435202023,0.9439266858854988,0.9575448823556988,All_Beauty,789,All_Beauty_s789_70-15-15,early_fusion_lc,sbert+metadata_lc,False,False,92.65536723163842,1239.0
0.8907030989670109,0.8905937291527685,0.9529540306462359,0.017522977537828364,0.08278228342533112,0.916509966152689,0.6900584795321637,0.6837944664031621,0.02233531252922712,0.1608145870486198,0.13847927451939268,0.03618248557944415,1907,0.9046830534934998,0.7332494854927063,2659,342,253,3001,0.8800399866711096,0.9017077640786405,0.8796972029085505,0.9022861426586514,0.9461755490813173,0.9598655010808235,All_Beauty,789,All_Beauty_s789_70-15-15,late_fusion_lc,sbert+metadata_lc,False,False,95.15738498789347,1239.0
0.8857047650783072,0.8863862206028487,0.9525520763935154,0.02055654432581133,0.08430958539247513,0.9127491538172245,0.6754385964912281,0.6600790513833992,0.028174575873562677,0.14242912764655566,0.11425455177299298,0.031266017426960536,1951,0.9105467796325684,0.7325019240379333,2659,342,253,3001,0.8750416527824059,0.8970426524491836,0.875157911527705,0.8983222427380925,0.945789600689285,0.9596021839893832,All_Beauty,789,All_Beauty_s789_70-15-15,gated_fusion_lc,sbert+metadata_lc,False,False,94.51170298627926,1239.0
0.8720426524491836,0.8732673267326733,0.9367177437264047,0.0711280583053013,0.10359859466552734,0.8939450921399023,0.7017543859649122,0.6877470355731226,0.052606963287042854,0.22668123824728859,0.17407427496024575,0.07736863880844022,2417,0.9528197646141052,0.8411410450935364,2659,342,253,3001,0.8610463178940353,0.8837054315228258,0.8607754221369467,0.8853943199052096,0.9288887154993869,0.9453037749858092,All_Beauty,789,All_Beauty_s789_70-15-15,disagree_aware_lc,sbert+metadata_lc,False,True,89.99192897497983,1239.0
0.8773742085971343,0.8765928906773978,0.9439389296024873,0.030697219490097325,0.09224656917099591,0.9058956916099773,0.6647887323943662,0.6312056737588653,0.04921843188887269,0.1824647328184273,0.13324630092955458,0.027702702702702704,1480,0.8677257795909888,0.696921802268204,2646,355,282,3001,0.8657114295234921,0.8883705431522826,0.8640703208461902,0.8882996788199607,0.935395873482182,0.9517972395052248,All_Beauty,2026,All_Beauty_s2026_70-15-15,text_only,sbert_text,False,False,,
0.6841052982339221,0.6792963464140731,0.7580537419498112,0.038016720042154006,0.19958952069282532,0.6946334089191232,0.6056338028169014,0.5886524822695035,0.029326529225907547,0.12763233856416087,0.09830580933825332,0.05924170616113744,422,0.7388544678688049,0.6523900032043457,2646,355,282,3001,0.6667777407530823,0.701441186271243,0.6596250688814375,0.6993680427415367,0.7400812171138142,0.7750144256944804,All_Beauty,2026,All_Beauty_s2026_70-15-15,metadata_full,metadata_full(8),True,False,,
0.5814728423858714,0.5491744436468055,0.612008882966911,0.03852380950702743,0.2421829253435135,0.5929705215419501,0.49577464788732395,0.4645390070921986,0.04085141093732729,0.14744645775833598,0.10659504682100869,0.21875,32,0.6298972964286804,0.606014609336853,2646,355,282,3001,0.5631456181272909,0.5991502832389203,0.5260096213317231,0.5697123074538694,0.5914401723550736,0.6314800183099211,All_Beauty,2026,All_Beauty_s2026_70-15-15,metadata_lc,metadata_lc(6),False,False,,
0.8890369876707764,0.8894055131185653,0.9543930712858093,0.05916000499865814,0.08825996518135071,0.9134542705971277,0.7070422535211267,0.6950354609929078,0.044056099455153166,0.23359878293015587,0.1895426834750027,0.062424969987995196,2499,0.9605514407157898,0.8345704674720764,2646,355,282,3001,0.8770326557814062,0.8997000999666778,0.876606873204303,0.9006272697259822,0.94708629463321,0.960629620595949,All_Beauty,2026,All_Beauty_s2026_70-15-15,early_fusion_full,sbert+metadata_full,True,False,88.89776357827476,1252.0
0.8850383205598134,0.8838774823291821,0.948717299578059,0.022901993012753995,0.08778352290391922,0.9130763416477702,0.676056338028169,0.6524822695035462,0.020639377494799493,0.19608057458216027,0.17544119708736078,0.04182879377431906,2056,0.9175212979316711,0.7679795622825623,2646,355,282,3001,0.8737087637454182,0.895709763412196,0.8720893775424055,0.8954955187127588,0.9402380168897505,0.9558673713044865,All_Beauty,2026,All_Beauty_s2026_70-15-15,early_fusion_lc,sbert+metadata_lc,False,False,91.93290734824281,1252.0
0.8850383205598134,0.8830111902339777,0.9537972462802576,0.016361721630882564,0.08227730542421341,0.9134542705971277,0.6732394366197183,0.6666666666666666,0.016982390370729596,0.19135066285519534,0.17436827248446574,0.033049574361542315,1997,0.9163393974304199,0.7306243181228638,2646,355,282,3001,0.8727090969676774,0.8960429856714429,0.8703493529244491,0.8944378353518321,0.9458587193443232,0.9605635357313809,All_Beauty,2026,All_Beauty_s2026_70-15-15,late_fusion_lc,sbert+metadata_lc,False,False,91.53354632587859,1252.0
0.882705764745085,0.8817998656816656,0.9522520541860984,0.012458422235829252,0.08400063216686249,0.9123204837490552,0.6619718309859155,0.648936170212766,0.022613207064146646,0.17240540690615147,0.14979219984200481,0.03245749613601236,1941,0.912177562713623,0.7301782965660095,2646,355,282,3001,0.870709763412196,0.8940353215594802,0.8692935820995106,0.8936891944910269,0.944561756812144,0.9590838907563725,All_Beauty,2026,All_Beauty_s2026_70-15-15,gated_fusion_lc,sbert+metadata_lc,False,False,93.05111821086263,1252.0
0.8687104298567144,0.8701384311140409,0.9408067954696869,0.028606719268198532,0.09667889773845673,0.890400604686319,0.7070422535211267,0.7021276595744681,0.046717820051305696,0.11465619479266691,0.06793837474136122,0.027326440177252585,1354,0.8635666966438293,0.7067707777023315,2646,355,282,3001,0.8567060979673442,0.8807147617460847,0.85723261161566,0.8824679639124885,0.9323678296790398,0.9482968353499264,All_Beauty,2026,All_Beauty_s2026_70-15-15,disagree_aware_lc,sbert+metadata_lc,False,True,90.89456869009585,1252.0
