accuracy,f1,auroc,ece,brier,agreement_acc,disagreement_acc,strong_disagreement_acc,agreement_ece,disagreement_ece,calibration_gap,high_conf_error_rate,n_high_conf,conf_correct,conf_incorrect,n_agreement,n_disagreement,n_strong_disagreement,n_test,category,seed,split_id,model,features,tier,includes_product_avg_rating,disagreement_labels_in_training,modality_dominance_text_pct,n_true_conflict
0.8727090969676774,0.8721552878179384,0.943477903619809,0.027713471984754594,0.09337323805183823,0.905051272312951,0.6413043478260869,0.596551724137931,0.048116483725113214,0.16813319766065754,0.12001671393554433,0.027080581241743725,1514,0.8721277362654808,0.6986605702591783,2633,368,290,3001,All_Beauty,42,All_Beauty_s42_70-15-15,text_only,sbert_text,main,False,False,,
0.5658113962012662,0.543927196359818,0.5998689762380636,0.049741277006299295,0.245254248380661,0.5750094948727688,0.5,0.47586206896551725,0.045604641986830445,0.13633523903706146,0.09073059705023101,0.17857142857142858,28,0.6259700059890747,0.6019774079322815,2633,368,290,3001,All_Beauty,42,All_Beauty_s42_70-15-15,metadata_lc,metadata_lc,main,False,False,,
0.8763745418193936,0.87571189279732,0.9474981123695314,0.026186276116755662,0.08998909592628479,0.9080896315989365,0.6494565217391305,0.6172413793103448,0.019671067512713348,0.1895788878749084,0.16990782036219504,0.04296875,2048,0.9181596040725708,0.7536320686340332,2633,368,290,3001,All_Beauty,42,All_Beauty_s42_70-15-15,early_fusion_lc,sbert+metadata_lc,main,False,False,92.75471698113208,1325.0
0.8780406531156282,0.8786472148541115,0.9526546746613368,0.06239974150426068,0.0932571217417717,0.9084694265096848,0.6603260869565217,0.6344827586206897,0.040771663481100104,0.23003701633854728,0.18926535285744717,0.0638990638990639,2457,0.957556962966919,0.8172105550765991,2633,368,290,3001,All_Beauty,42,All_Beauty_s42_70-15-15,early_fusion_full,sbert+metadata_full,appendix,True,False,90.18867924528301,1325.0
0.8617127624125291,0.8624461385482267,0.9356744392627138,0.0721389711578462,0.10782921314239502,0.8894796809722749,0.6630434782608695,0.6344827586206897,0.052665381675725445,0.24173979193944,0.18907441026371458,0.07715008431703205,2372,0.950965404510498,0.8272111415863037,2633,368,290,3001,All_Beauty,42,All_Beauty_s42_70-15-15,disagree_aware_lc,sbert+metadata_lc,main,False,True,88.37735849056604,1325.0
0.8693768743752083,0.8697674418604651,0.9422735953808572,0.028533832608187572,0.09439809257153108,0.9003021148036254,0.6373937677053825,0.5968992248062015,0.054228656217717934,0.1823890585099128,0.12816040229219486,0.02798134576948701,1501,0.8708211462272913,0.6910022919508673,2648,353,258,3001,All_Beauty,123,All_Beauty_s123_70-15-15,text_only,sbert_text,main,False,False,,
0.5768077307564146,0.5502832861189801,0.6090348656451254,0.041692332679611255,0.2428252249956131,0.5891238670694864,0.48441926345609065,0.4806201550387597,0.03783912275245361,0.17912514064534865,0.14128601789289505,0.21212121212121213,33,0.6287136077880859,0.6043476462364197,2648,353,258,3001,All_Beauty,123,All_Beauty_s123_70-15-15,metadata_lc,metadata_lc,main,False,False,,
0.8740419860046651,0.871864406779661,0.9422727070841661,0.07046988859005528,0.09945720434188843,0.9033232628398792,0.6543909348441926,0.6124031007751938,0.04616805666275434,0.26112985314416143,0.2149617964814071,0.07422347720855184,2479,0.9594469666481018,0.836125910282135,2648,353,258,3001,All_Beauty,123,All_Beauty_s123_70-15-15,early_fusion_lc,sbert+metadata_lc,main,False,False,88.32288401253919,1276.0
0.8880373208930357,0.8857142857142857,0.9560304241616701,0.03735765799388456,0.08377160876989365,0.9142749244712991,0.6912181303116147,0.6666666666666666,0.02102074426742344,0.22107295843933528,0.20005221417191182,0.046072838964458095,2279,0.9418947100639343,0.7897356152534485,2648,353,258,3001,All_Beauty,123,All_Beauty_s123_70-15-15,early_fusion_full,sbert+metadata_full,appendix,True,False,90.12539184952978,1276.0
0.8677107630789737,0.8669125041904123,0.9382629358205642,0.06143687152288548,0.10247229039669037,0.8942598187311178,0.6685552407932012,0.6434108527131783,0.04667066281318126,0.24347786411706349,0.19680720130388224,0.07011543394613083,2339,0.94599449634552,0.8147636651992798,2648,353,258,3001,All_Beauty,123,All_Beauty_s123_70-15-15,disagree_aware_lc,sbert+metadata_lc,main,False,True,89.0282131661442,1276.0
0.8780406531156282,0.8771812080536913,0.9452673773040196,0.030555928324022423,0.09165436339242702,0.9101165851823994,0.6286549707602339,0.6037037037037037,0.05512065080981274,0.20324238176385062,0.14812173095403788,0.02953020134228188,1490,0.8703292643313493,0.6982014593336664,2659,342,270,3001,All_Beauty,456,All_Beauty_s456_70-15-15,text_only,sbert_text,main,False,False,,
0.5828057314228591,0.5541310541310541,0.6109591383522097,0.03525184582011457,0.2417563647031784,0.5911996991350131,0.5175438596491229,0.5074074074074074,0.04163057222015295,0.18358342590257093,0.14195285368241797,0.13793103448275862,29,0.6265745759010315,0.6030272245407104,2659,342,270,3001,All_Beauty,456,All_Beauty_s456_70-15-15,metadata_lc,metadata_lc,main,False,False,,
0.882705764745085,0.8815612382234186,0.9483833000222075,0.04577177334471328,0.08978454768657684,0.9183903723204212,0.6052631578947368,0.5740740740740741,0.0267910612197176,0.2624237970149482,0.2356327357952306,0.05485961123110151,2315,0.9438822865486145,0.8023725152015686,2659,342,270,3001,All_Beauty,456,All_Beauty_s456_70-15-15,early_fusion_lc,sbert+metadata_lc,main,False,False,90.64976228209191,1262.0
0.8923692102632456,0.8901734104046243,0.9558680879413723,0.02085141365139217,0.08147899061441422,0.9277924031590824,0.6169590643274854,0.5962962962962963,0.017318367996596667,0.2501030093745181,0.23278464137792146,0.03757632691404415,2129,0.924392819404602,0.765347421169281,2659,342,270,3001,All_Beauty,456,All_Beauty_s456_70-15-15,early_fusion_full,sbert+metadata_full,appendix,True,False,89.93660855784469,1262.0
0.8650449850049984,0.8648648648648649,0.9326435709526982,0.06684868877225421,0.10626678168773651,0.8928168484392629,0.6491228070175439,0.6333333333333333,0.045414192091369585,0.26948804403954774,0.22407385194817814,0.07741116751269035,2364,0.9463966488838196,0.8220967650413513,2659,342,270,3001,All_Beauty,456,All_Beauty_s456_70-15-15,disagree_aware_lc,sbert+metadata_lc,main,False,True,89.54041204437401,1262.0
0.8778456413103831,0.8765432098765432,0.951144407448514,0.03531150096108149,0.0881249518720448,0.910056214865709,0.62,0.6196319018404908,0.056862772148500065,0.14631132056531687,0.0894485484168168,0.014689265536723164,885,0.8663722113833067,0.6742104546035437,1601,200,163,1801,Digital_Music,42,Digital_Music_s42_70-15-15,text_only,sbert_text,main,False,False,,
0.5863409217101611,0.5821648906337633,0.6146725860155383,0.06725389521562809,0.24428872764110565,0.5827607745159276,0.615,0.6012269938650306,0.07156696480039804,0.06424782231450081,-0.007319142485897226,0.125,64,0.659288227558136,0.6297526955604553,1601,200,163,1801,Digital_Music,42,Digital_Music_s42_70-15-15,metadata_lc,metadata_lc,main,False,False,,
0.8945030538589672,0.8932584269662921,0.9565223825379208,0.01706606066107815,0.07982539385557175,0.920049968769519,0.69,0.6809815950920245,0.022768898783885695,0.17796839401125908,0.1551994952273734,0.03148936170212766,1175,0.9107586741447449,0.7439067363739014,1601,200,163,1801,Digital_Music,42,Digital_Music_s42_70-15-15,early_fusion_lc,sbert+metadata_lc,main,False,False,89.91060025542784,783.0
0.9128262076624097,0.9107447413303013,0.9723073128622518,0.019977883922390194,0.06346821039915085,0.9306683322923173,0.77,0.7668711656441718,0.018088924154629947,0.09127993823960424,0.0731910140849743,0.023273273273273273,1332,0.9349278807640076,0.7521156072616577,1601,200,163,1801,Digital_Music,42,Digital_Music_s42_70-15-15,early_fusion_full,sbert+metadata_full,appendix,True,False,86.84546615581098,783.0
0.8661854525263742,0.8646827624929815,0.9377999753360464,0.014505984078573552,0.09755084663629532,0.8906933166770769,0.67,0.6748466257668712,0.02198662011791662,0.14333705831319093,0.12135043819527432,0.03648915187376726,1014,0.8863145112991333,0.7286695837974548,1601,200,163,1801,Digital_Music,42,Digital_Music_s42_70-15-15,disagree_aware_lc,sbert+metadata_lc,main,False,True,87.61174968071519,783.0
0.8700721821210439,0.8695652173913043,0.9415279319274878,0.028805501690123966,0.09595184704458734,0.908745247148289,0.5964125560538116,0.5698324022346368,0.04627812243889426,0.16067136794743048,0.11439324550853622,0.0234375,896,0.8695778384686059,0.7035496652928623,1578,223,179,1801,Digital_Music,123,Digital_Music_s123_70-15-15,text_only,sbert_text,main,False,False,,
0.5963353692393115,0.588568194680249,0.642315945246023,0.049503673424428206,0.23585718870162964,0.6026615969581749,0.5515695067264574,0.5418994413407822,0.04254067597582617,0.10018746920698425,0.05764679323115808,0.07575757575757576,66,0.6616492867469788,0.6205400824546814,1578,223,179,1801,Digital_Music,123,Digital_Music_s123_70-15-15,metadata_lc,metadata_lc,main,False,False,,
0.8828428650749583,0.8841295991213619,0.9498446170921198,0.027500941532393568,0.0874788910150528,0.917617237008872,0.6367713004484304,0.6145251396648045,0.022792002697285228,0.1875691529480331,0.16477715025074788,0.04163265306122449,1225,0.9198448657989502,0.7663275599479675,1578,223,179,1801,Digital_Music,123,Digital_Music_s123_70-15-15,early_fusion_lc,sbert+metadata_lc,main,False,False,90.19607843137256,765.0
0.9044975013881177,0.903370786516854,0.9695252188925885,0.02063911087782033,0.06728890538215637,0.9283903675538656,0.7354260089686099,0.7094972067039106,0.015986166530877755,0.14396905593340173,0.12798288940252397,0.03118201595358956,1379,0.9411264657974243,0.7467445731163025,1578,223,179,1801,Digital_Music,123,Digital_Music_s123_70-15-15,early_fusion_full,sbert+metadata_full,appendix,True,False,86.01307189542484,765.0
0.858411993337035,0.8577802565532627,0.9357923295104206,0.021012019157111803,0.10025434195995331,0.8922686945500634,0.6188340807174888,0.6033519553072626,0.022513137575526976,0.1917778048580805,0.16926466728255352,0.04079696394686907,1054,0.895470380783081,0.7330191731452942,1578,223,179,1801,Digital_Music,123,Digital_Music_s123_70-15-15,disagree_aware_lc,sbert+metadata_lc,main,False,True,87.58169934640523,765.0
0.8806218767351471,0.8794167134043747,0.9429078801331855,0.037878882640653685,0.09344983197725165,0.9266113592852585,0.5726495726495726,0.5372340425531915,0.06953336570751742,0.1892254263976415,0.11969206069012409,0.028070175438596492,855,0.8616906287214421,0.7029711405208166,1567,234,188,1801,Digital_Music,456,Digital_Music_s456_70-15-15,text_only,sbert_text,main,False,False,,
0.583564686285397,0.5733788395904437,0.6295683808114441,0.05923465730778579,0.23950469493865967,0.599234205488194,0.47863247863247865,0.48936170212765956,0.0436787266324642,0.16391147322889066,0.12023274659642647,0.15,60,0.6597094535827637,0.6191027164459229,1567,234,188,1801,Digital_Music,456,Digital_Music_s456_70-15-15,metadata_lc,metadata_lc,main,False,False,,
0.8795113825652415,0.8777464788732394,0.9424232334443211,0.021854022078253287,0.09079503268003464,0.9240587109125717,0.5811965811965812,0.5531914893617021,0.017749335103321762,0.26683423247856974,0.24908489737524797,0.04631927212572374,1209,0.914347231388092,0.766420841217041,1567,234,188,1801,Digital_Music,456,Digital_Music_s456_70-15-15,early_fusion_lc,sbert+metadata_lc,main,False,False,92.80868385345997,737.0
0.9061632426429761,0.9061632426429761,0.971194968553459,0.023076886912060054,0.06608673185110092,0.9380982769623485,0.6923076923076923,0.6702127659574468,0.028301452774490313,0.157516664514939,0.1292152117404487,0.023672883787661407,1394,0.943545937538147,0.7549126744270325,1567,234,188,1801,Digital_Music,456,Digital_Music_s456_70-15-15,early_fusion_full,sbert+metadata_full,appendix,True,False,89.280868385346,737.0
0.8545252637423654,0.856359649122807,0.9324158342582316,0.03624338657077585,0.10390287637710571,0.8978940650925336,0.5641025641025641,0.5372340425531915,0.056746048475993086,0.20576739273010156,0.14902134425410846,0.025806451612903226,775,0.8575298190116882,0.7030778527259827,1567,234,188,1801,Digital_Music,456,Digital_Music_s456_70-15-15,disagree_aware_lc,sbert+metadata_lc,main,False,True,91.04477611940298,737.0
0.9139367018323153,0.9130678631519911,0.9679017141447774,0.030167732325253556,0.06723563541267792,0.9489230769230769,0.5909090909090909,0.5774647887323944,0.05277234214715494,0.28880252363851067,0.23603018149135574,0.022847100175746926,1138,0.9010013784636263,0.7196564834341335,1625,176,142,1801,Gift_Cards,42,Gift_Cards_s42_70-15-15,text_only,sbert_text,main,False,False,,
0.7840088839533592,0.7873154729360307,0.8648063879639906,0.03837213269344374,0.1489078402519226,0.7993846153846154,0.6420454545454546,0.6408450704225352,0.030338504970073704,0.2421345641751858,0.2117960592051121,0.07472178060413355,629,0.8322660326957703,0.7085571885108948,1625,176,142,1801,Gift_Cards,42,Gift_Cards_s42_70-15-15,metadata_lc,metadata_lc,main,False,False,,
0.9250416435313714,0.925207756232687,0.97572203724257,0.011665280726322015,0.05754238739609718,0.9563076923076923,0.6363636363636364,0.6338028169014085,0.030470088046330668,0.28984115433625196,0.2593710662899213,0.03243616287094548,1449,0.9441426992416382,0.7769715189933777,1625,176,142,1801,Gift_Cards,42,Gift_Cards_s42_70-15-15,early_fusion_lc,sbert+metadata_lc,main,False,False,88.42364532019704,406.0
0.9228206551915602,0.9239189928845101,0.9753298803798248,0.020537709752133922,0.05872326344251633,0.952,0.6534090909090909,0.647887323943662,0.035105057577674216,0.25924555169926444,0.22414049412159023,0.03314917127071823,1448,0.9444387555122375,0.7775695323944092,1625,176,142,1801,Gift_Cards,42,Gift_Cards_s42_70-15-15,early_fusion_full,sbert+metadata_full,appendix,True,False,84.97536945812809,406.0
0.9133814547473625,0.9141914191419142,0.9640485879886546,0.016148337352811987,0.06690716743469238,0.9396923076923077,0.6704545454545454,0.6830985915492958,0.03351418879398935,0.22116138822060416,0.1876471994266148,0.03519510328997705,1307,0.9261186122894287,0.7800562381744385,1625,176,142,1801,Gift_Cards,42,Gift_Cards_s42_70-15-15,disagree_aware_lc,sbert+metadata_lc,main,False,True,83.49753694581281,406.0
0.9128262076624097,0.9112492933860938,0.9647194475274388,0.02903160045684297,0.06852918970379075,0.9555555555555556,0.5303867403314917,0.49324324324324326,0.05824182386715038,0.34890839477594093,0.29066657090879056,0.022530329289428077,1154,0.8998431876118206,0.7157445040980418,1620,181,148,1801,Gift_Cards,123,Gift_Cards_s123_70-15-15,text_only,sbert_text,main,False,False,,
0.7840088839533592,0.7859108420473307,0.8566931804168207,0.025570776406623873,0.15263696014881134,0.8018518518518518,0.6243093922651933,0.6216216216216216,0.026284874285812724,0.2713503833469106,0.24506550906109786,0.09197324414715718,598,0.8290315270423889,0.715145468711853,1620,181,148,1801,Gift_Cards,123,Gift_Cards_s123_70-15-15,metadata_lc,metadata_lc,main,False,False,,
0.926152137701277,0.9258226436140546,0.9693957331360217,0.015945547303264515,0.05798830837011337,0.9574074074074074,0.6464088397790055,0.6216216216216216,0.02185823593380644,0.30929297103819264,0.2874347351043862,0.03346720214190094,1494,0.9495763182640076,0.7880160808563232,1620,181,148,1801,Gift_Cards,123,Gift_Cards_s123_70-15-15,early_fusion_lc,sbert+metadata_lc,main,False,False,87.0,400.0
0.928928373126041,0.9284916201117318,0.9679602910346529,0.03830534047439387,0.05899576097726822,0.9611111111111111,0.6408839779005525,0.6418918918918919,0.014639193259961457,0.31502392408515206,0.3003847308251906,0.042633228840125395,1595,0.9692180156707764,0.8480048775672913,1620,181,148,1801,Gift_Cards,123,Gift_Cards_s123_70-15-15,early_fusion_full,sbert+metadata_full,appendix,True,False,83.0,400.0
0.9156024430871738,0.9155555555555556,0.958229128129239,0.04038524716784313,0.07020855695009232,0.9419753086419753,0.6795580110497238,0.668918918918919,0.017190368241848945,0.2745670628893441,0.2573766946474952,0.052666227781435156,1519,0.9583479166030884,0.8403204679489136,1620,181,148,1801,Gift_Cards,123,Gift_Cards_s123_70-15-15,disagree_aware_lc,sbert+metadata_lc,main,False,True,81.75,400.0
0.9167129372570794,0.9162946428571429,0.9664298927118018,0.030875363470265597,0.06616524873932537,0.9532019704433498,0.5819209039548022,0.5694444444444444,0.05497393193918706,0.2739940206364367,0.21902008869724962,0.025777777777777778,1125,0.9015413903083873,0.725569633211515,1624,177,144,1801,Gift_Cards,456,Gift_Cards_s456_70-15-15,text_only,sbert_text,main,False,False,,
0.7917823431426985,0.7969680563075258,0.8629362436798619,0.03172627310664174,0.14888447523117065,0.8109605911330049,0.615819209039548,0.6180555555555556,0.040737404446736944,0.2747033740167564,0.23396596957001942,0.096,625,0.8342511057853699,0.7244672179222107,1624,177,144,1801,Gift_Cards,456,Gift_Cards_s456_70-15-15,metadata_lc,metadata_lc,main,False,False,,
0.9200444197667962,0.9203539823008849,0.9685226291774572,0.01614436207298831,0.06212152913212776,0.9488916256157636,0.655367231638418,0.6458333333333334,0.029877225261667906,0.2730172514747092,0.24314002621304126,0.035515320334261836,1436,0.9412747025489807,0.790486216545105,1624,177,144,1801,Gift_Cards,456,Gift_Cards_s456_70-15-15,early_fusion_lc,sbert+metadata_lc,main,False,False,88.77284595300262,383.0
0.923375902276513,0.9241758241758242,0.9691441608089777,0.026024221087382424,0.05976459011435509,0.9532019704433498,0.6497175141242938,0.625,0.02254895163181563,0.28528523112589355,0.2627362794940779,0.036721311475409836,1525,0.9560564756393433,0.8063156604766846,1624,177,144,1801,Gift_Cards,456,Gift_Cards_s456_70-15-15,early_fusion_full,sbert+metadata_full,appendix,True,False,87.20626631853786,383.0
0.9039422543031649,0.9048927982407916,0.9579541250462448,0.022350363321664388,0.0728013664484024,0.9261083743842364,0.7005649717514124,0.6875,0.04295822785102896,0.22623525145279486,0.1832770236017659,0.03188662533215235,1129,0.904961109161377,0.744196891784668,1624,177,144,1801,Gift_Cards,456,Gift_Cards_s456_70-15-15,disagree_aware_lc,sbert+metadata_lc,main,False,True,85.90078328981723,383.0
0.852859522487507,0.8508722566122678,0.9296090763349365,0.03187214489861214,0.10504806403552823,0.8978638184245661,0.6303630363036303,0.5925925925925926,0.07306999605617516,0.2580160919768977,0.18494609592072253,0.028678304239401497,802,0.8576589951869353,0.6908292742475499,1498,303,243,1801,Appliances,42,Appliances_s42_70-15-15,text_only,sbert_text,main,False,False,,
0.6496390893947807,0.6371477860839563,0.6979498088543593,0.04134879487958106,0.22218361496925354,0.6829105473965287,0.48514851485148514,0.49382716049382713,0.05989367527531608,0.330593836214086,0.2707001609387699,0.13953488372093023,129,0.7049963474273682,0.6557921767234802,1498,303,243,1801,Appliances,42,Appliances_s42_70-15-15,metadata_lc,metadata_lc,main,False,False,,
0.8706274292059967,0.8650839606253619,0.9383142187692686,0.05905543266485823,0.10039472579956055,0.9158878504672897,0.6468646864686468,0.6213991769547325,0.027389521761554902,0.2858748225734965,0.2584853008119416,0.07065609228550829,1387,0.9404280781745911,0.8100501298904419,1498,303,243,1801,Appliances,42,Appliances_s42_70-15-15,early_fusion_lc,sbert+metadata_lc,main,False,False,84.6749226006192,646.0
0.8767351471404775,0.8773480662983425,0.9475545689974103,0.04724441015309983,0.09229379147291183,0.9065420560747663,0.7293729372937293,0.7160493827160493,0.045917060415202035,0.19907302665139973,0.1531559662361977,0.04924242424242424,1320,0.9349554777145386,0.7857239842414856,1498,303,243,1801,Appliances,42,Appliances_s42_70-15-15,early_fusion_full,sbert+metadata_full,appendix,True,False,87.77089783281734,646.0
0.8645197112715158,0.8660812294182217,0.9341268960414355,0.0772238957940258,0.10907087475061417,0.897196261682243,0.7029702970297029,0.6831275720164609,0.07001131072948788,0.2229252850679871,0.1529139743384992,0.08189951823812801,1453,0.9540206789970398,0.8433365225791931,1498,303,243,1801,Appliances,42,Appliances_s42_70-15-15,disagree_aware_lc,sbert+metadata_lc,main,False,True,84.82972136222911,646.0
0.861188228761799,0.859392575928009,0.9385324947589098,0.03814536145814032,0.09947892492311225,0.903010033444816,0.6568627450980392,0.6274509803921569,0.08030112983946201,0.23946604360936483,0.15916491376990283,0.014230271668822769,773,0.8568408131107004,0.6851392460583995,1495,306,255,1801,Appliances,123,Appliances_s123_70-15-15,text_only,sbert_text,main,False,False,,
0.6607440310938367,0.6599888703394546,0.7129627574300159,0.05240166943514103,0.21722181141376495,0.6936454849498328,0.5,0.47843137254901963,0.07310443856943412,0.33088066984041065,0.25777623127097654,0.1118421052631579,152,0.7139730453491211,0.6579113602638245,1495,306,255,1801,Appliances,123,Appliances_s123_70-15-15,metadata_lc,metadata_lc,main,False,False,,
0.8695169350360911,0.8710916072408118,0.9445899617708718,0.07849527266226101,0.10300532728433609,0.9036789297658863,0.7026143790849673,0.6745098039215687,0.060297735760542884,0.23347923416473895,0.17318149840419605,0.07526881720430108,1488,0.9569425582885742,0.831558883190155,1495,306,255,1801,Appliances,123,Appliances_s123_70-15-15,early_fusion_lc,sbert+metadata_lc,main,False,False,84.26073131955485,629.0
0.8761799000555247,0.8727895037079293,0.9528980145517326,0.0316772327315205,0.08722443878650665,0.9163879598662207,0.6797385620915033,0.6549019607843137,0.0323675432781312,0.23370213510797305,0.20133459182984187,0.033925686591276254,1238,0.9208239316940308,0.7430528998374939,1495,306,255,1801,Appliances,123,Appliances_s123_70-15-15,early_fusion_full,sbert+metadata_full,appendix,True,False,87.91732909379968,629.0
0.8445308162132149,0.8509052183173589,0.9293944999383401,0.09844981415868466,0.12045221030712128,0.8688963210702341,0.7254901960784313,0.7058823529411765,0.08681173827436857,0.20241490990118266,0.11560317162681409,0.09109730848861283,1449,0.9552357196807861,0.8333219289779663,1495,306,255,1801,Appliances,123,Appliances_s123_70-15-15,disagree_aware_lc,sbert+metadata_lc,main,False,True,85.05564387917329,629.0
0.8678511937812327,0.8650793650793651,0.9345597484276729,0.04450645621998922,0.1015009800214038,0.9072501632919661,0.6444444444444445,0.625,0.07120831556034711,0.25801612295090637,0.18680780739055924,0.032981530343007916,758,0.8448955115649449,0.681815915007523,1531,270,232,1801,Appliances,456,Appliances_s456_70-15-15,text_only,sbert_text,main,False,False,,
0.6324264297612437,0.6221461187214612,0.6911740041928721,0.06073476221083537,0.22529518604278564,0.6596995427824951,0.4777777777777778,0.47844827586206895,0.06726024777991643,0.32885096212504084,0.2615907143451244,0.1532258064516129,124,0.7138117551803589,0.6576309204101562,1531,270,232,1801,Appliances,456,Appliances_s456_70-15-15,metadata_lc,metadata_lc,main,False,False,,
0.8717379233759023,0.8668587896253602,0.9422382537920829,0.05743419275779913,0.09782629460096359,0.9131286740692358,0.6370370370370371,0.6336206896551724,0.02441828958033191,0.2869079253187886,0.2624896357384567,0.06268436578171091,1356,0.9375048279762268,0.802337110042572,1531,270,232,1801,Appliances,456,Appliances_s456_70-15-15,early_fusion_lc,sbert+metadata_lc,main,False,False,89.90825688073394,654.0
0.8778456413103831,0.8745724059293044,0.9462979405598716,0.04125251138850691,0.0914464220404625,0.9131286740692358,0.6777777777777778,0.6767241379310345,0.020753163209271393,0.26257993370570515,0.24182677049643375,0.05311077389984825,1318,0.9317098259925842,0.7802219986915588,1531,270,232,1801,Appliances,456,Appliances_s456_70-15-15,early_fusion_full,sbert+metadata_full,appendix,True,False,87.30886850152905,654.0
0.8578567462520822,0.8636847710330139,0.9333906770255271,0.07769963247644644,0.10821222513914108,0.8739386022207707,0.7666666666666667,0.771551724137931,0.0759918512113436,0.18298364524488092,0.10699179403353733,0.06793893129770992,1310,0.9344540238380432,0.8019777536392212,1531,270,232,1801,Appliances,456,Appliances_s456_70-15-15,disagree_aware_lc,sbert+metadata_lc,main,False,True,87.61467889908256,654.0
0.8745141588006663,0.8738839285714286,0.9384640522875818,0.03729843886008713,0.0974607508139504,0.9163449163449163,0.611336032388664,0.56,0.06604278104903671,0.22031902636358952,0.1542762453145528,0.03143893591293833,827,0.8578647955392875,0.701996924662565,1554,247,200,1801,Video_Games,42,Video_Games_s42_70-15-15,text_only,sbert_text,main,False,False,,
0.6324264297612437,0.6366630076838639,0.68009310642496,0.04302435038587505,0.2280900776386261,0.646074646074646,0.5465587044534413,0.54,0.04708756889999295,0.20038458336944037,0.15329701446944743,0.23529411764705882,85,0.689035177230835,0.64615797996521,1554,247,200,1801,Video_Games,42,Video_Games_s42_70-15-15,metadata_lc,metadata_lc,main,False,False,,
0.8750694058856191,0.8725212464589235,0.9446941669749661,0.04622910181262109,0.09269837290048599,0.916988416988417,0.611336032388664,0.56,0.01633276886988715,0.26864388514204546,0.2523111162721583,0.05224429727740986,1359,0.9374977350234985,0.7817502021789551,1554,247,200,1801,Video_Games,42,Video_Games_s42_70-15-15,early_fusion_lc,sbert+metadata_lc,main,False,False,88.05309734513274,678.0
0.8722931704608551,0.8713646532438478,0.9454328523862376,0.03198634637007773,0.09183135628700256,0.9144144144144144,0.6072874493927125,0.57,0.02050078267104529,0.24281633892643312,0.22231555625538782,0.04527402700555997,1259,0.9256115555763245,0.7585727572441101,1554,247,200,1801,Video_Games,42,Video_Games_s42_70-15-15,early_fusion_full,sbert+metadata_full,appendix,True,False,90.26548672566372,678.0
0.8517490283176014,0.8520775623268698,0.9321019854482673,0.05876315585536667,0.10727433860301971,0.8886743886743886,0.6194331983805668,0.59,0.032660442916256874,0.25040836167721614,0.21774791876095928,0.06526806526806526,1287,0.9333096742630005,0.7795336842536926,1554,247,200,1801,Video_Games,42,Video_Games_s42_70-15-15,disagree_aware_lc,sbert+metadata_lc,main,False,True,86.28318584070796,678.0
0.8706274292059967,0.8700501952035694,0.9343365396473055,0.03780888818799456,0.10088968920871581,0.9201030927835051,0.5622489959839357,0.525,0.07223091308676724,0.21223080523237112,0.13999989214560388,0.03125,800,0.8526204288098698,0.6995594849765926,1552,249,200,1801,Video_Games,123,Video_Games_s123_70-15-15,text_only,sbert_text,main,False,False,,
0.6340921710161022,0.6353071389042612,0.6794721913922803,0.0418610368616908,0.22766990959644318,0.6494845360824743,0.5381526104417671,0.515,0.04862299585023645,0.21191057688500506,0.1632875810347686,0.14634146341463414,82,0.6855294704437256,0.6433456540107727,1552,249,200,1801,Video_Games,123,Video_Games_s123_70-15-15,metadata_lc,metadata_lc,main,False,False,,
0.8722931704608551,0.8685714285714285,0.9403773584905661,0.029938496529294794,0.0951370820403099,0.9226804123711341,0.5582329317269076,0.53,0.02897122970628602,0.26859302025841897,0.23962179055213295,0.04585537918871252,1134,0.9027509093284607,0.7491281032562256,1552,249,200,1801,Video_Games,123,Video_Games_s123_70-15-15,early_fusion_lc,sbert+metadata_lc,main,False,False,93.11377245508982,668.0
0.8722931704608551,0.8679678530424799,0.9389752127266,0.0312880562460138,0.09611154347658157,0.9201030927835051,0.5742971887550201,0.535,0.032451720670652905,0.26567238988167785,0.23322066921102494,0.041474654377880185,1085,0.894966721534729,0.7409300208091736,1552,249,200,1801,Video_Games,123,Video_Games_s123_70-15-15,early_fusion_full,sbert+metadata_full,appendix,True,False,90.7185628742515,668.0
0.8578567462520822,0.8625134264232008,0.9313244543100259,0.04799999396778489,0.10575133562088013,0.8943298969072165,0.6305220883534136,0.605,0.07406961536226966,0.13823529668002724,0.06416568131775757,0.030831099195710455,746,0.84666508436203,0.6970854997634888,1552,249,200,1801,Video_Games,123,Video_Games_s123_70-15-15,disagree_aware_lc,sbert+metadata_lc,main,False,True,90.7185628742515,668.0
0.8661854525263742,0.8670711527854384,0.9349112097669257,0.04330353594796141,0.100072287203659,0.9004467134652202,0.6367521367521367,0.6082474226804123,0.06594532557838034,0.24621965760890444,0.1802743320305241,0.04363636363636364,825,0.8570518544671434,0.6919367851185209,1567,234,194,1801,Video_Games,456,Video_Games_s456_70-15-15,text_only,sbert_text,main,False,False,,
0.6229872293170461,0.6139852188743604,0.6779689234184241,0.053553209610610206,0.2277679741382599,0.6407147415443523,0.5042735042735043,0.5051546391752577,0.05192028727779437,0.2609509646446787,0.20903067736688433,0.14893617021276595,94,0.6918220520019531,0.6413503885269165,1567,234,194,1801,Video_Games,456,Video_Games_s456_70-15-15,metadata_lc,metadata_lc,main,False,False,,
0.8678511937812327,0.8677777777777778,0.9392107534837835,0.05860429410220251,0.1014324501156807,0.9093809827696235,0.5897435897435898,0.5721649484536082,0.03199071563238274,0.29902723909188544,0.2670365234595027,0.06463326071169208,1377,0.9419746398925781,0.8091802597045898,1567,234,194,1801,Video_Games,456,Video_Games_s456_70-15-15,early_fusion_lc,sbert+metadata_lc,main,False,False,88.53868194842407,698.0
0.8634092171016102,0.8614864864864865,0.9377463312368973,0.06811331882493685,0.10375449806451797,0.9004467134652202,0.6153846153846154,0.6030927835051546,0.04555591922693179,0.2941183875450212,0.24856246831808937,0.07681465821000705,1419,0.9503383636474609,0.8125854134559631,1567,234,194,1801,Video_Games,456,Video_Games_s456_70-15-15,early_fusion_full,sbert+metadata_full,appendix,True,False,84.81375358166189,698.0
0.8484175458078845,0.8512261580381472,0.9284005426069799,0.040435089517192394,0.10798956453800201,0.8755583918315252,0.6666666666666666,0.654639175257732,0.07035421105559343,0.18998705462003368,0.11963284356444025,0.02661064425770308,714,0.8450894355773926,0.6840118169784546,1567,234,194,1801,Video_Games,456,Video_Games_s456_70-15-15,disagree_aware_lc,sbert+metadata_lc,main,False,True,88.10888252148997,698.0
