threshold,accuracy,coverage,model,group
0.5,0.867504835589942,1.0,text_only,overall
0.5257894736842105,0.8759894459102903,0.9774339136041263,text_only,overall
0.5515789473684211,0.8869389132635842,0.9551901998710509,text_only,overall
0.5773684210526315,0.8949740034662045,0.9300451321727917,text_only,overall
0.6031578947368421,0.9019121813031161,0.9103803997421018,text_only,overall
0.6289473684210526,0.9110541727672035,0.880722114764668,text_only,overall
0.6547368421052632,0.9194097616345063,0.8520309477756286,text_only,overall
0.6805263157894736,0.9259984338292874,0.8233397807865893,text_only,overall
0.7063157894736842,0.9304488475535786,0.7972275950999356,text_only,overall
0.7321052631578947,0.9378934116659673,0.768214055448098,text_only,overall
0.7578947368421052,0.9425690486628672,0.7353320438426821,text_only,overall
0.7836842105263158,0.9504400185270959,0.6960025789813024,text_only,overall
0.8094736842105263,0.9576848249027238,0.6627981947130883,text_only,overall
0.8352631578947368,0.9643226473629782,0.6234687298517085,text_only,overall
0.8610526315789473,0.9706045479755963,0.5812379110251451,text_only,overall
0.8868421052631579,0.977132262051916,0.521598968407479,text_only,overall
0.9126315789473685,0.9777777777777777,0.46421663442940037,text_only,overall
0.9384210526315789,0.9816360601001669,0.38620245003223724,text_only,overall
0.9642105263157894,0.9864559819413092,0.2856221792392005,text_only,overall
0.99,0.9857549857549858,0.11315280464216634,text_only,overall
0.5,0.9017760057992026,1.0,text_only,agreement
0.5257894736842105,0.9105029585798816,0.9800652410293584,text_only,agreement
0.5515789473684211,0.9190512048192772,0.9626676332004349,text_only,agreement
0.5773684210526315,0.9274971075973776,0.9398332729249728,text_only,agreement
0.6031578947368421,0.9335691823899371,0.9220732149329467,text_only,agreement
0.6289473684210526,0.9433198380566802,0.8952519028633563,text_only,agreement
0.6547368421052632,0.9512905911740216,0.8706052917723813,text_only,agreement
0.6805263157894736,0.9583154275891707,0.8434215295396883,text_only,agreement
0.7063157894736842,0.962372731297034,0.8187749184487133,text_only,agreement
0.7321052631578947,0.9680219278209228,0.7934034070315331,text_only,agreement
0.7578947368421052,0.9706161137440759,0.7647698441464299,text_only,agreement
0.7836842105263158,0.9766169154228855,0.7285248278361726,text_only,agreement
0.8094736842105263,0.982821447162936,0.6962667633200434,text_only,agreement
0.8352631578947368,0.9884105960264901,0.656759695541863,text_only,agreement
0.8610526315789473,0.9900176159718145,0.6172526277636825,text_only,agreement
0.8868421052631579,0.9934895833333334,0.5567234505255527,text_only,agreement
0.9126315789473685,0.9941648431801605,0.49691917361362814,text_only,agreement
0.9384210526315789,0.9965126416739319,0.4157303370786517,text_only,agreement
0.9642105263157894,0.9965116279069768,0.3117071402682131,text_only,agreement
0.99,1.0,0.12359550561797752,text_only,agreement
0.5,0.5918367346938775,1.0,text_only,disagreement
0.5257894736842105,0.5914634146341463,0.956268221574344,text_only,disagreement
0.5515789473684211,0.6091205211726385,0.8950437317784257,text_only,disagreement
0.5773684210526315,0.6061643835616438,0.8513119533527697,text_only,disagreement
0.6031578947368421,0.6142857142857143,0.8163265306122449,text_only,disagreement
0.6289473684210526,0.6068702290076335,0.7638483965014577,text_only,disagreement
0.6547368421052632,0.6016597510373444,0.7026239067055393,text_only,disagreement
0.6805263157894736,0.5947136563876652,0.6618075801749271,text_only,disagreement
0.7063157894736842,0.5934579439252337,0.6239067055393586,text_only,disagreement
0.7321052631578947,0.5979381443298969,0.565597667638484,text_only,disagreement
0.7578947368421052,0.5964912280701754,0.49854227405247814,text_only,disagreement
0.7836842105263158,0.5973154362416108,0.43440233236151604,text_only,disagreement
0.8094736842105263,0.6,0.3935860058309038,text_only,disagreement
0.8352631578947368,0.6065573770491803,0.3556851311953353,text_only,disagreement
0.8610526315789473,0.64,0.2915451895043732,text_only,disagreement
0.8868421052631579,0.6707317073170732,0.239067055393586,text_only,disagreement
0.9126315789473685,0.6521739130434783,0.20116618075801748,text_only,disagreement
0.9384210526315789,0.6470588235294118,0.14868804664723032,text_only,disagreement
0.9642105263157894,0.6538461538461539,0.07580174927113703,text_only,disagreement
0.99,0.5,0.029154518950437316,text_only,disagreement
0.5,0.6785944551901999,1.0,metadata_only,overall
0.5257894736842105,0.6932409012131716,0.9300451321727917,metadata_only,overall
0.5515789473684211,0.702803738317757,0.8623468729851709,metadata_only,overall
0.5773684210526315,0.7139967637540453,0.7969052224371374,metadata_only,overall
0.6031578947368421,0.7267025089605734,0.7195357833655706,metadata_only,overall
0.6289473684210526,0.7375609756097561,0.6608639587362991,metadata_only,overall
0.6547368421052632,0.7541869259859535,0.5967117988394585,metadata_only,overall
0.6805263157894736,0.774330900243309,0.5299806576402321,metadata_only,overall
0.7063157894736842,0.7918395573997233,0.4661508704061896,metadata_only,overall
0.7321052631578947,0.8018942383583267,0.4084461637653127,metadata_only,overall
0.7578947368421052,0.8177697189483227,0.35557704706640875,metadata_only,overall
0.7836842105263158,0.8359293873312564,0.3104448742746615,metadata_only,overall
0.8094736842105263,0.8512195121951219,0.26434558349451964,metadata_only,overall
0.8352631578947368,0.8712011577424024,0.22275950999355254,metadata_only,overall
0.8610526315789473,0.8877374784110535,0.18665377176015474,metadata_only,overall
0.8868421052631579,0.9133192389006343,0.1524822695035461,metadata_only,overall
0.9126315789473685,0.9265822784810127,0.1273372018052869,metadata_only,overall
0.9384210526315789,0.9403973509933775,0.0973565441650548,metadata_only,overall
0.9642105263157894,0.9783783783783784,0.05963894261766602,metadata_only,overall
0.99,1.0,0.029658284977433915,metadata_only,overall
0.5,0.686480608916274,1.0,metadata_only,agreement
0.5257894736842105,0.7018295056442195,0.931134469010511,metadata_only,agreement
0.5515789473684211,0.7127838519764508,0.8619064878579196,metadata_only,agreement
0.5773684210526315,0.7237318840579711,0.800289960130482,metadata_only,agreement
0.6031578947368421,0.7370797792272955,0.7223631750634287,metadata_only,agreement
0.6289473684210526,0.7483552631578947,0.6611090974990939,metadata_only,agreement
0.6547368421052632,0.7645278450363197,0.5987676694454512,metadata_only,agreement
0.6805263157894736,0.7840599455040872,0.5320768394345777,metadata_only,agreement
0.7063157894736842,0.7992277992277992,0.46937296121783256,metadata_only,agreement
0.7321052631578947,0.8088105726872247,0.4113809351214208,metadata_only,agreement
0.7578947368421052,0.8247213779128673,0.35773831098223996,metadata_only,agreement
0.7836842105263158,0.8441108545034642,0.31388184124682855,metadata_only,agreement
0.8094736842105263,0.8609986504723347,0.2685755708590069,metadata_only,agreement
0.8352631578947368,0.8836833602584814,0.22435665096049293,metadata_only,agreement
0.8610526315789473,0.9034749034749034,0.18774918448713301,metadata_only,agreement
0.8868421052631579,0.9270588235294117,0.1540413193185937,metadata_only,agreement
0.9126315789473685,0.9362880886426593,0.130844508880029,metadata_only,agreement
0.9384210526315789,0.9562043795620438,0.09931134469010511,metadata_only,agreement
0.9642105263157894,0.9823529411764705,0.061616527727437476,metadata_only,agreement
0.99,1.0,0.030445813700616164,metadata_only,agreement
0.5,0.6151603498542274,1.0,metadata_only,disagreement
0.5257894736842105,0.6234177215189873,0.9212827988338192,metadata_only,disagreement
0.5515789473684211,0.622895622895623,0.8658892128279884,metadata_only,disagreement
0.5773684210526315,0.6325757575757576,0.7696793002915452,metadata_only,disagreement
0.6031578947368421,0.6401673640167364,0.6967930029154519,metadata_only,disagreement
0.6289473684210526,0.6504424778761062,0.6588921282798834,metadata_only,disagreement
0.6547368421052632,0.6683417085427136,0.5801749271137027,metadata_only,disagreement
0.6805263157894736,0.6931818181818182,0.5131195335276968,metadata_only,disagreement
0.7063157894736842,0.7284768211920529,0.4402332361516035,metadata_only,disagreement
0.7321052631578947,0.7424242424242424,0.3848396501457726,metadata_only,disagreement
0.7578947368421052,0.7586206896551724,0.33819241982507287,metadata_only,disagreement
0.7836842105263158,0.7628865979381443,0.282798833819242,metadata_only,disagreement
0.8094736842105263,0.759493670886076,0.2303206997084548,metadata_only,disagreement
0.8352631578947368,0.7638888888888888,0.2099125364431487,metadata_only,disagreement
0.8610526315789473,0.7540983606557377,0.17784256559766765,metadata_only,disagreement
0.8868421052631579,0.7916666666666666,0.13994169096209913,metadata_only,disagreement
0.9126315789473685,0.8235294117647058,0.09912536443148688,metadata_only,disagreement
0.9384210526315789,0.7857142857142857,0.08163265306122448,metadata_only,disagreement
0.9642105263157894,0.9333333333333333,0.043731778425655975,metadata_only,disagreement
0.99,1.0,0.023323615160349854,metadata_only,disagreement
0.5,0.8881366860090264,1.0,multimodal,overall
0.5257894736842105,0.8920065252854812,0.9880722114764668,multimodal,overall
0.5515789473684211,0.8974189278623428,0.9742101869761445,multimodal,overall
0.5773684210526315,0.9013707790036777,0.9642166344294004,multimodal,overall
0.6031578947368421,0.9056156968876861,0.9529335912314636,multimodal,overall
0.6289473684210526,0.9123230928546773,0.93391360412637,multimodal,overall
0.6547368421052632,0.9173958697934896,0.9210186976144423,multimodal,overall
0.6805263157894736,0.9234875444839857,0.9058671824629272,multimodal,overall
0.7063157894736842,0.9278238902923133,0.8932946486137976,multimodal,overall
0.7321052631578947,0.9304284145001831,0.8803997421018698,multimodal,overall
0.7578947368421052,0.9334819769602378,0.867504835589942,multimodal,overall
0.7836842105263158,0.9390843738176314,0.8520309477756286,multimodal,overall
0.8094736842105263,0.9469578783151326,0.8265635074145713,multimodal,overall
0.8352631578947368,0.9500599280862965,0.8068987749838814,multimodal,overall
0.8610526315789473,0.9554166666666667,0.7736943907156673,multimodal,overall
0.8868421052631579,0.9606401384083045,0.7453255963894262,multimodal,overall
0.9126315789473685,0.9658469945355191,0.7079303675048356,multimodal,overall
0.9384210526315789,0.9690154922538731,0.6450676982591876,multimodal,overall
0.9642105263157894,0.9789663461538461,0.536428110896196,multimodal,overall
0.99,0.9891089108910891,0.32559638942617664,multimodal,overall
0.5,0.9188111634650236,1.0,multimodal,agreement
0.5257894736842105,0.9226539589442815,0.9887640449438202,multimodal,agreement
0.5515789473684211,0.9279346210995543,0.9757158390721276,multimodal,agreement
0.5773684210526315,0.9307116104868914,0.967741935483871,multimodal,agreement
0.6031578947368421,0.9352027283061766,0.9565059804276912,multimodal,agreement
0.6289473684210526,0.9409494403705133,0.9391083725987677,multimodal,agreement
0.6547368421052632,0.945766679672259,0.9289597680318956,multimodal,agreement
0.6805263157894736,0.950256612712199,0.9180862631388184,multimodal,agreement
0.7063157894736842,0.9540367705835332,0.9068503080826387,multimodal,agreement
0.7321052631578947,0.9562929987859167,0.8956143530264589,multimodal,agreement
0.7578947368421052,0.9594594594594594,0.8851032982964843,multimodal,agreement
0.7836842105263158,0.9638103161397671,0.8713301920985864,multimodal,agreement
0.8094736842105263,0.9701746910950149,0.8506705328017398,multimodal,agreement
0.8352631578947368,0.972972972972973,0.8314606741573034,multimodal,agreement
0.8610526315789473,0.9769543605964753,0.8021022109459949,multimodal,agreement
0.8868421052631579,0.9817501169864296,0.7745559985501993,multimodal,agreement
0.9126315789473685,0.985279685966634,0.7386734324030446,multimodal,agreement
0.9384210526315789,0.9866452991452992,0.6785067053280174,multimodal,agreement
0.9642105263157894,0.9923906150919467,0.5715839072127582,multimodal,agreement
0.99,0.9979402677651905,0.3519391083725988,multimodal,agreement
0.5,0.641399416909621,1.0,multimodal,disagreement
0.5257894736842105,0.6439169139465876,0.9825072886297376,multimodal,disagreement
0.5515789473684211,0.6484848484848484,0.9620991253644315,multimodal,disagreement
0.5773684210526315,0.6573208722741433,0.9358600583090378,multimodal,disagreement
0.6031578947368421,0.6593059936908517,0.924198250728863,multimodal,disagreement
0.6289473684210526,0.6699346405228758,0.892128279883382,multimodal,disagreement
0.6547368421052632,0.6700680272108843,0.8571428571428571,multimodal,disagreement
0.6805263157894736,0.6787003610108303,0.8075801749271136,multimodal,disagreement
0.7063157894736842,0.6840148698884758,0.7842565597667639,multimodal,disagreement
0.7321052631578947,0.6846153846153846,0.7580174927113703,multimodal,disagreement
0.7578947368421052,0.678714859437751,0.7259475218658892,multimodal,disagreement
0.7836842105263158,0.6903765690376569,0.6967930029154519,multimodal,disagreement
0.8094736842105263,0.695852534562212,0.6326530612244898,multimodal,disagreement
0.8352631578947368,0.6985645933014354,0.60932944606414,multimodal,disagreement
0.8610526315789473,0.7005347593582888,0.5451895043731778,multimodal,disagreement
0.8868421052631579,0.7028571428571428,0.5102040816326531,multimodal,disagreement
0.9126315789473685,0.7151898734177216,0.4606413994169096,multimodal,disagreement
0.9384210526315789,0.7131782945736435,0.3760932944606414,multimodal,disagreement
0.9642105263157894,0.735632183908046,0.2536443148688047,multimodal,disagreement
0.99,0.7692307692307693,0.11370262390670553,multimodal,disagreement
